age,cgpa,branch,skill,internship,projects,placed
25,5.53,ENTC,Low,Yes,1,0
25,5.49,CIVIL,Low,No,0,0
20,5.45,IT,High,Yes,4,1
21,8.44,CIVIL,Medium,Yes,3,1
24,6.34,CS,Low,No,2,0
22,5.75,ENTC,Low,Yes,3,0
20,6.72,ENTC,High,No,0,0
25,7.21,CS,Medium,Yes,4,1
22,8.98,CIVIL,Medium,Yes,5,1
20,5.22,IT,Medium,Yes,1,0
26,5.48,ENTC,Medium,No,1,0
22,6.71,ENTC,High,Yes,4,1
25,5.82,IT,Low,No,3,0
22,9.75,CIVIL,Low,No,0,0
21,8.94,ENTC,Medium,No,0,0
21,9.38,CIVIL,High,No,1,0
25,7.4,MECH,Low,No,1,0
21,8.58,CIVIL,Medium,No,4,0
23,6.74,IT,High,No,0,0
26,5.23,CS,Low,Yes,5,1
23,7.86,MECH,Medium,No,4,0
22,9.66,CS,High,Yes,5,1
24,8.6,ENTC,Low,No,3,0
21,7.18,ENTC,High,Yes,4,1
20,9.18,ENTC,High,Yes,1,1
22,8.66,CIVIL,High,Yes,4,1
22,7.35,CS,Medium,No,1,0
20,6.16,CIVIL,Low,Yes,5,0
23,8.92,CIVIL,Low,Yes,5,1
23,9.54,IT,Medium,No,1,0
24,8.63,IT,High,No,3,1
25,8.12,MECH,High,No,0,0
21,6.08,ENTC,Low,Yes,4,0
21,5.03,CS,Low,Yes,0,0
26,6.59,CIVIL,Low,No,5,0
23,6.03,IT,High,No,1,0
26,7.27,MECH,Low,Yes,0,0
25,7.07,MECH,Medium,No,5,0
20,8.23,CS,Low,No,5,1
22,8.84,CS,Low,Yes,1,1
24,7.15,MECH,Low,No,3,0
21,9.2,CS,Medium,Yes,0,1
25,9.8,CS,Low,Yes,1,1
23,7.33,IT,Medium,Yes,1,0
23,5.01,MECH,Medium,No,2,0
23,8.34,CIVIL,High,No,1,0
21,6.42,CS,High,Yes,5,1
22,5.27,CIVIL,Medium,Yes,0,0
24,5.38,IT,Low,Yes,5,1
26,6.13,CS,High,Yes,4,1
24,5.19,CS,Medium,No,2,0
21,8.21,ENTC,Low,No,3,0
21,8.22,ENTC,Medium,No,0,0
20,7.2,CIVIL,Low,Yes,4,0
21,7.43,IT,Medium,Yes,1,0
22,6.37,MECH,High,No,4,0
26,8.14,CS,High,No,5,1
20,9.51,IT,Medium,Yes,0,1
25,7.66,ENTC,Medium,Yes,5,1
22,5.98,ENTC,High,No,2,0
26,5.24,MECH,Medium,Yes,0,0
22,8.7,ENTC,Low,No,4,0
25,7.05,CS,Low,Yes,5,1
21,7.62,ENTC,High,Yes,3,1
21,5.2,ENTC,Low,No,1,0
25,6.2,CS,Medium,No,4,0
25,5.74,IT,Low,Yes,3,1
20,5.86,ENTC,Medium,Yes,2,0
21,8.78,CS,Medium,Yes,3,1
21,5.96,MECH,Medium,No,1,0
21,5.11,IT,Medium,No,2,0
26,5.33,ENTC,Medium,No,5,0
26,7.57,CS,Low,No,1,0
24,9.62,ENTC,Low,Yes,4,1
23,6.66,ENTC,Medium,Yes,3,0
24,5.91,CS,High,No,0,0
24,9.44,CIVIL,High,Yes,2,1
23,5.34,ENTC,High,No,5,0
26,5.6,ENTC,High,No,5,0
23,6.57,ENTC,High,Yes,1,0
23,8.19,MECH,High,Yes,4,1
24,6.44,CIVIL,Low,No,2,0
21,7.06,CIVIL,High,No,3,0
23,7.12,IT,High,No,5,1
21,8.16,ENTC,High,No,0,0
26,9.57,IT,High,No,1,1
26,5.96,CS,Low,Yes,3,1
24,9.08,CS,Medium,No,5,1
24,5.93,MECH,Medium,No,1,0
21,8.15,CS,Low,No,1,0
21,8.86,CIVIL,Medium,Yes,4,1
21,9.4,CS,Medium,Yes,3,1
25,7.55,CIVIL,High,No,3,1
24,8.91,CIVIL,Medium,No,1,0
25,9.14,MECH,Medium,Yes,5,1
22,8.68,CIVIL,Medium,Yes,2,1
23,5.37,ENTC,Low,No,2,0
22,9.29,CS,Low,Yes,1,1
23,8.33,IT,Low,No,3,1
22,7.6,MECH,Low,Yes,3,1
23,9.34,CIVIL,High,Yes,4,1
23,7.29,ENTC,Medium,No,3,0
24,8.59,CIVIL,High,Yes,3,1
21,6.31,MECH,Low,No,2,0
25,8.26,MECH,High,Yes,3,1
21,9.71,CIVIL,Low,No,4,0
24,8.18,CS,High,No,1,1
26,7.22,CS,Medium,No,2,0
21,7.18,ENTC,Medium,No,3,0
22,9.01,MECH,Low,Yes,2,1
21,8.12,CS,Low,Yes,1,1
26,5.1,IT,Low,Yes,3,1
25,5.55,IT,Medium,No,2,0
21,7.91,CS,Low,No,0,0
24,5.12,ENTC,High,No,3,0
25,5.95,CIVIL,High,Yes,0,0
25,8.71,CIVIL,Low,Yes,2,1
24,7.06,ENTC,Low,No,0,0
26,7.02,MECH,Low,No,2,0
25,9.28,MECH,High,Yes,3,1
21,8.52,ENTC,High,No,3,1
23,8.96,CIVIL,Medium,No,1,0
26,9.49,ENTC,Medium,Yes,3,1
24,7.93,MECH,Medium,Yes,3,1
26,6.56,MECH,Low,No,2,0
22,6.34,CIVIL,High,No,4,0
20,7.48,IT,Low,Yes,5,1
23,7.35,IT,High,No,5,1
25,7.36,CS,Low,No,1,0
23,8.32,ENTC,High,No,3,1
24,7.55,MECH,High,No,2,1
25,7.18,ENTC,Medium,Yes,0,0
25,5.92,CS,High,Yes,1,1
21,8.55,ENTC,High,No,0,0
26,5.93,IT,Medium,Yes,2,1
20,8.4,IT,Medium,Yes,0,1
24,6.4,IT,High,No,0,0
26,5.06,ENTC,Medium,No,3,0
22,5.88,CS,Medium,No,0,0
26,5.31,MECH,Low,Yes,1,0
21,8.89,ENTC,Low,Yes,0,0
24,8.67,CIVIL,High,Yes,4,1
23,7.16,MECH,Medium,No,2,0
24,7.98,CIVIL,High,Yes,1,1
25,6.01,CS,Low,Yes,1,0
24,5.36,CS,Medium,No,5,0
24,7.26,CS,Low,No,5,0
22,8.37,MECH,Low,Yes,2,1
26,8.8,CIVIL,High,Yes,3,1
20,7.61,IT,Medium,Yes,0,1
20,5.8,ENTC,High,No,3,0
20,7.25,ENTC,High,No,2,0
24,7.59,MECH,Low,Yes,3,1
25,6.55,ENTC,Low,Yes,1,0
25,9.01,CIVIL,High,Yes,5,1
26,6.29,CS,Low,No,4,0
25,7.12,ENTC,Low,No,5,0
26,7.36,CS,Medium,No,3,0
22,6.54,CS,Low,No,3,0
25,7.38,MECH,High,Yes,3,1
20,6.51,ENTC,Low,No,4,0
26,9.74,CIVIL,Medium,No,0,0
21,7.49,CIVIL,Medium,No,0,0
21,6.28,IT,Medium,No,5,0
23,5.58,CIVIL,Low,Yes,2,0
24,5.07,MECH,Low,Yes,0,0
23,9.55,IT,Medium,No,4,1
25,6.31,MECH,Medium,Yes,3,0
24,5.69,IT,High,Yes,0,1
22,8.71,MECH,Medium,No,0,0
22,8.49,CIVIL,High,No,1,0
23,7.59,ENTC,Medium,No,3,0
22,9.17,IT,High,No,1,1
26,8.72,CS,Medium,No,5,1
26,6.83,IT,Medium,Yes,1,0
24,9.63,ENTC,Low,No,0,0
24,9.37,CS,High,Yes,3,1
26,8.14,IT,Low,No,2,1
22,7.99,MECH,High,Yes,2,1
26,8.24,CIVIL,Medium,No,5,0
25,9.26,MECH,High,Yes,4,1
20,6.13,ENTC,Low,Yes,3,0
20,8.65,CS,Medium,Yes,5,1
22,9.34,CS,Medium,Yes,2,1
22,6.8,IT,Low,No,4,0
25,8.8,IT,Low,Yes,4,1
26,6.84,IT,Medium,Yes,1,0
23,8.06,MECH,Medium,Yes,3,1
22,8.25,IT,Low,No,2,1
24,6.44,MECH,High,No,3,0
26,6.45,MECH,Medium,Yes,1,0
23,7.75,CIVIL,Medium,No,0,0
26,8.16,ENTC,Low,Yes,4,1
25,7.38,ENTC,Low,No,1,0
25,5.91,ENTC,High,Yes,5,1
20,9.34,CS,Medium,No,0,0
24,6.75,IT,Low,No,2,0
25,6.99,IT,Low,No,4,0
24,9.38,IT,Medium,No,2,1
25,9.18,CS,Medium,Yes,1,1
26,9.64,MECH,High,No,0,0
26,6.89,ENTC,High,Yes,3,1
22,8.23,ENTC,High,No,5,1
22,5.52,IT,Medium,Yes,4,1
24,6.57,CIVIL,Low,Yes,5,0
26,7.23,ENTC,High,No,0,0
21,5.22,CS,Medium,No,0,0
20,6.13,CIVIL,Low,No,3,0
22,8.22,CIVIL,Medium,Yes,3,1
25,5.48,MECH,High,No,2,0
20,8.31,IT,Medium,No,1,0
26,6.74,ENTC,High,No,0,0
23,6.32,CS,Medium,Yes,5,1
21,8.08,CIVIL,Low,Yes,2,1
21,9.75,CIVIL,Low,Yes,4,1
21,7.81,IT,Medium,Yes,4,1
20,6.33,IT,Low,No,1,0
20,8.17,CS,Low,Yes,2,1
26,8.78,CIVIL,Medium,Yes,1,0
22,5.25,MECH,High,Yes,5,1
20,7.29,ENTC,High,Yes,3,1
24,6.06,CIVIL,Low,No,3,0
25,9.63,CS,Medium,No,3,1
25,5.52,MECH,Low,Yes,2,0
24,5.71,IT,Medium,No,3,0
24,7.55,MECH,High,No,0,0
26,8.37,CIVIL,High,Yes,3,1
23,9.26,MECH,Medium,No,3,0
23,8.5,ENTC,Medium,No,5,0
22,6.8,IT,High,No,0,0
20,8.99,CS,Medium,Yes,5,1
25,6.79,IT,High,Yes,4,1
24,7.7,CS,Medium,No,5,1
26,7.03,CS,Medium,No,2,0
20,7.77,IT,Low,No,1,0
26,5.52,CIVIL,Medium,Yes,2,0
24,6.09,MECH,High,Yes,4,1
25,8.98,ENTC,Low,Yes,2,1
25,8.66,ENTC,Medium,Yes,1,0
26,5.69,MECH,Low,Yes,5,0
25,9.66,CS,High,Yes,3,1
23,7.18,IT,Medium,No,5,0
22,8.73,CIVIL,High,Yes,0,1
21,5.76,CIVIL,Low,Yes,2,0
23,8.18,MECH,High,No,3,1
22,6.03,CIVIL,Low,No,3,0
20,6.36,CIVIL,Medium,No,0,0
21,6.9,CIVIL,Low,Yes,1,0
22,9.54,IT,Medium,No,2,1
20,5.04,MECH,Low,Yes,3,0
24,8.38,CIVIL,High,No,0,0
23,9.14,CS,Medium,Yes,3,1
20,9.14,CIVIL,Medium,No,5,0
25,7.0,CS,Medium,Yes,2,1
21,8.85,CIVIL,Medium,No,0,0
23,9.05,IT,Medium,No,4,1
20,6.9,ENTC,High,No,1,0
22,8.74,CS,High,Yes,4,1
24,5.93,ENTC,Medium,Yes,1,0
20,5.7,IT,Low,Yes,5,1
20,5.85,MECH,Medium,No,5,0
24,8.09,CIVIL,Medium,No,1,0
23,5.33,MECH,High,No,2,0
24,5.27,CIVIL,Low,No,3,0
23,5.18,ENTC,Medium,Yes,5,0
26,9.69,CS,High,No,3,1
24,7.66,CS,Medium,Yes,2,1
24,7.28,IT,Low,No,0,0
26,9.32,ENTC,High,Yes,4,1
25,5.83,IT,High,No,3,1
24,7.51,IT,Medium,No,2,1
23,6.96,ENTC,High,Yes,5,1
25,6.61,ENTC,Low,No,2,0
22,8.47,CIVIL,Low,No,0,0
24,8.19,ENTC,Medium,No,1,0
24,8.4,CS,Medium,No,5,1
26,6.58,IT,High,Yes,5,1
25,7.03,ENTC,Low,No,2,0
21,9.57,ENTC,Medium,Yes,1,0
21,5.74,ENTC,Low,Yes,5,0
22,9.21,CIVIL,Low,No,1,0
21,5.87,CIVIL,Low,No,0,0
23,6.75,IT,Medium,No,5,0
26,7.15,CIVIL,Low,No,3,0
26,5.93,CIVIL,Medium,No,2,0
26,6.83,CIVIL,Medium,Yes,1,0
26,7.9,ENTC,Low,No,2,0
24,9.48,CIVIL,Low,No,0,0
26,5.77,MECH,High,Yes,3,1
20,9.54,IT,Medium,No,0,0
23,5.26,CIVIL,Medium,Yes,3,0
20,6.8,CS,Medium,Yes,5,1
25,6.61,IT,Low,Yes,2,1
26,7.27,IT,High,No,3,1
24,5.03,CS,Low,No,1,0
26,5.72,CIVIL,High,No,0,0
26,6.38,ENTC,Low,Yes,1,0
23,8.07,CIVIL,Medium,Yes,0,0
26,9.34,CIVIL,High,Yes,5,1
24,7.76,IT,Medium,No,0,0
24,6.69,CIVIL,Medium,Yes,5,0
25,5.41,ENTC,Low,Yes,3,0
26,7.26,MECH,Medium,No,5,0
20,6.71,CS,Medium,Yes,5,1
25,8.02,CIVIL,High,No,1,0
20,6.69,ENTC,High,Yes,5,1
23,9.71,MECH,High,Yes,1,1
20,8.44,MECH,Low,No,1,0
20,8.8,CS,Medium,No,4,1
23,9.75,CIVIL,Medium,No,0,0
26,8.11,ENTC,Medium,Yes,5,1
22,6.31,ENTC,Medium,No,5,0
23,9.29,MECH,Medium,Yes,3,1
25,7.39,CIVIL,Medium,Yes,5,0
23,5.38,CIVIL,Low,No,2,0
20,5.38,ENTC,Medium,No,4,0
25,7.05,MECH,Medium,No,0,0
25,9.18,ENTC,High,No,2,1
25,9.7,CS,Low,No,2,1
24,8.85,IT,Low,Yes,4,1
25,8.75,CS,Low,Yes,1,1
26,8.1,ENTC,Medium,Yes,4,1
21,8.26,ENTC,Medium,No,0,0
24,5.66,ENTC,Medium,No,5,0
22,6.2,CS,Low,Yes,3,1
24,6.86,CIVIL,Low,No,2,0
25,7.14,CIVIL,Medium,No,1,0
20,5.65,CS,Medium,Yes,5,1
23,9.79,ENTC,High,No,5,1
20,7.64,ENTC,Medium,Yes,5,1
25,9.45,IT,Medium,Yes,0,1
21,8.8,IT,Medium,Yes,2,1
24,7.75,MECH,High,Yes,4,1
20,5.32,MECH,High,No,4,0
23,8.69,CIVIL,Low,Yes,2,1
25,5.36,MECH,High,No,1,0
26,8.75,CIVIL,Low,Yes,3,1
24,9.37,CS,Low,Yes,2,1
21,5.78,IT,Medium,No,0,0
22,5.94,CIVIL,Medium,Yes,5,0
22,7.95,CS,High,Yes,4,1
24,5.74,CIVIL,High,No,4,0
20,8.96,CS,Low,Yes,5,1
26,7.77,IT,High,No,4,1
25,5.15,CIVIL,Medium,No,3,0
21,8.86,MECH,Medium,No,0,0
25,5.29,MECH,Medium,No,3,0
21,6.63,IT,Medium,No,5,0
26,6.66,MECH,Low,No,4,0
24,5.51,IT,Medium,Yes,2,1
23,6.19,CS,Low,No,3,0
26,7.95,IT,Low,No,4,1
25,6.5,IT,Medium,No,3,0
22,7.39,CS,Medium,No,1,0
21,7.8,CS,Low,No,3,1
24,9.24,MECH,Medium,Yes,0,0
23,5.64,ENTC,High,No,3,0
22,5.22,CS,High,Yes,2,1
24,6.39,MECH,High,No,4,0
22,8.96,CIVIL,High,Yes,1,1
20,6.89,ENTC,High,No,1,0
21,7.89,MECH,High,Yes,0,1
20,5.66,ENTC,Medium,No,1,0
24,9.29,IT,Medium,No,1,0
23,9.75,ENTC,High,No,4,1
26,7.45,MECH,High,No,3,0
26,5.08,ENTC,High,Yes,3,1
24,6.48,CS,High,No,2,1
25,8.76,CIVIL,High,Yes,5,1
20,7.8,IT,High,No,1,1
26,8.27,CS,High,Yes,1,1
20,7.12,MECH,Low,No,5,0
21,6.97,CIVIL,Medium,Yes,5,0
21,7.49,CIVIL,Medium,No,4,0
23,6.51,IT,Medium,No,4,0
22,8.24,ENTC,High,No,1,0
21,6.34,ENTC,Low,No,2,0
25,5.99,MECH,Medium,No,2,0
24,9.48,ENTC,Medium,Yes,4,1
25,7.61,MECH,Medium,Yes,2,1
20,6.38,CS,Medium,No,5,0
22,8.59,IT,Low,No,4,1
25,6.3,CS,High,Yes,1,1
20,8.22,CIVIL,Low,Yes,0,0
20,6.98,MECH,Low,Yes,0,0
24,9.69,IT,Medium,No,3,1
25,5.96,ENTC,Medium,No,5,0
20,9.36,CS,High,Yes,4,1
25,8.47,CS,Low,No,1,0
20,9.79,MECH,Medium,Yes,5,1
26,9.44,CS,Low,No,4,1
24,5.52,ENTC,Medium,No,5,0
24,7.52,IT,High,No,2,1
21,8.88,ENTC,Low,No,5,0
22,8.45,CS,High,No,2,1
24,8.24,IT,Low,No,3,1
24,6.57,MECH,High,Yes,1,0
21,7.29,IT,Low,No,3,0
21,7.14,ENTC,Medium,No,4,0
25,7.75,ENTC,High,No,5,1
21,5.3,CS,Medium,No,1,0
23,8.29,ENTC,High,Yes,5,1
22,6.76,IT,Low,Yes,3,1
21,7.18,CIVIL,Medium,No,5,0
24,9.38,CIVIL,High,Yes,1,1
25,8.62,CS,High,No,4,1
25,6.74,CIVIL,Low,Yes,4,0
24,5.97,CIVIL,Low,Yes,2,0
26,7.5,CS,High,Yes,5,1
24,7.35,CIVIL,Medium,Yes,3,0
21,7.46,MECH,High,Yes,4,1
23,8.23,ENTC,High,Yes,3,1
22,8.92,IT,High,Yes,0,1
23,6.65,CS,High,Yes,0,1
23,5.15,MECH,Low,Yes,5,0
25,8.1,MECH,Medium,No,3,0
26,9.4,MECH,Medium,Yes,5,1
25,9.2,IT,High,No,0,1
21,9.77,MECH,High,Yes,5,1
21,9.01,CS,Medium,No,5,1
25,7.61,CIVIL,Medium,Yes,1,0
23,6.66,ENTC,Low,Yes,0,0
26,8.17,CIVIL,Low,Yes,1,0
20,5.48,CS,Medium,Yes,1,0
25,5.21,MECH,Low,Yes,0,0
21,7.42,ENTC,Low,No,4,0
24,8.71,ENTC,Low,No,1,0
25,7.5,MECH,Medium,No,0,0
24,9.55,IT,High,No,4,1
23,5.23,ENTC,High,No,4,0
22,8.34,MECH,Low,No,3,0
21,8.62,MECH,Low,Yes,2,1
26,8.4,MECH,Low,No,3,0
24,7.54,MECH,Low,No,1,0
22,8.1,MECH,Medium,Yes,4,1
25,8.98,CS,Medium,No,5,1
24,7.89,CS,Low,Yes,3,1
21,9.17,ENTC,Medium,Yes,1,0
21,9.62,CS,High,No,1,1
25,7.9,IT,Medium,Yes,4,1
22,8.72,MECH,Medium,No,2,0
22,6.73,MECH,Medium,Yes,5,0
23,8.66,ENTC,Low,No,2,0
23,5.22,IT,High,Yes,0,1
22,7.66,CIVIL,High,No,2,1
21,5.94,IT,Medium,Yes,3,1
24,8.14,ENTC,Medium,No,5,0
25,8.55,MECH,Low,No,1,0
21,8.46,MECH,Low,Yes,4,1
20,9.03,CS,High,Yes,0,1
23,5.66,IT,Low,Yes,0,0
21,7.43,ENTC,Low,No,5,0
23,5.08,CIVIL,High,No,0,0
20,7.54,ENTC,High,No,0,0
24,8.9,MECH,Low,Yes,0,0
24,5.71,IT,High,No,2,1
22,8.82,CS,Medium,No,3,1
24,6.17,IT,Medium,Yes,5,1
26,8.12,CS,Low,No,3,1
23,7.65,CS,High,Yes,5,1
21,5.4,MECH,High,No,4,0
26,9.67,CIVIL,Low,Yes,1,0
26,8.32,CIVIL,Medium,No,0,0
20,8.29,ENTC,High,Yes,1,1
26,6.51,IT,High,Yes,5,1
26,6.91,CS,Medium,Yes,4,1
21,7.72,MECH,High,No,3,1
26,8.55,CS,High,No,0,1
20,7.1,CS,Medium,No,2,0
20,8.04,MECH,Medium,Yes,2,1
24,9.52,MECH,Low,No,0,0
26,7.97,IT,High,Yes,0,1
22,5.74,IT,High,No,2,1
22,5.51,CS,Medium,No,2,0
26,6.29,IT,Low,Yes,3,1
23,7.67,CIVIL,Medium,Yes,0,0
20,6.7,CS,High,No,3,1
20,6.4,MECH,Low,Yes,4,0
24,5.81,MECH,Low,Yes,2,0
22,6.29,IT,Low,Yes,3,1
22,7.02,MECH,Low,No,2,0
21,8.46,MECH,High,Yes,3,1
20,5.65,CS,Medium,No,4,0
23,8.86,ENTC,Medium,No,3,0
26,8.95,CIVIL,Low,No,2,0
24,9.55,IT,Medium,No,1,0
23,9.65,ENTC,High,No,4,1
26,6.16,MECH,Medium,No,2,0
20,9.47,IT,High,Yes,5,1
26,7.64,MECH,High,Yes,3,1
26,6.4,CS,Medium,No,1,0
25,6.45,ENTC,High,Yes,5,1
23,8.79,CS,Medium,No,4,1
23,7.56,MECH,High,Yes,2,1
25,9.3,CIVIL,High,Yes,0,1
26,6.19,ENTC,Low,Yes,4,0
25,8.25,MECH,Medium,No,0,0
20,5.47,IT,High,Yes,3,1
22,6.88,CIVIL,High,Yes,2,1
20,7.32,ENTC,Medium,Yes,0,0
26,9.52,IT,Medium,No,2,1
23,8.76,CIVIL,Medium,No,3,0
20,7.1,MECH,Medium,Yes,2,0
20,8.89,CS,Low,No,5,1
20,8.25,IT,High,Yes,4,1
21,7.65,ENTC,High,No,3,1
21,8.83,IT,Low,No,3,1
20,8.54,IT,Medium,No,3,1
20,8.38,IT,Medium,Yes,4,1
20,8.84,CIVIL,Low,No,2,0
21,7.2,ENTC,High,No,4,0
25,6.5,MECH,High,No,4,0
20,6.67,MECH,High,Yes,5,1
25,8.84,CIVIL,High,Yes,5,1
21,6.5,IT,Medium,Yes,1,0
22,8.33,CIVIL,Medium,No,4,0
21,7.76,MECH,Low,No,5,0
24,8.33,IT,High,Yes,3,1
22,5.67,ENTC,Medium,Yes,2,0
20,7.33,IT,Medium,No,3,0
25,7.36,MECH,Medium,Yes,0,0
24,5.15,IT,Medium,Yes,2,1
21,7.58,IT,Medium,No,4,1
24,5.54,CS,Medium,No,4,0
26,8.63,MECH,High,Yes,3,1
20,8.53,IT,Medium,Yes,3,1
22,6.67,CS,Medium,Yes,1,0
21,8.89,CIVIL,High,No,5,1
24,8.04,IT,High,Yes,1,1
26,5.99,CS,High,No,4,1
22,7.86,IT,Medium,No,2,1
24,6.28,CIVIL,High,Yes,1,0
26,8.77,CS,Medium,Yes,5,1
26,5.64,IT,High,No,1,0
26,9.05,MECH,Medium,Yes,4,1
25,6.29,MECH,Medium,No,0,0
25,8.81,CS,Medium,No,5,1
22,7.18,MECH,Medium,Yes,5,0
20,8.51,MECH,High,No,0,0
26,7.57,IT,Medium,Yes,3,1
22,6.55,ENTC,Medium,Yes,4,0
26,7.33,ENTC,High,Yes,0,0
20,8.01,MECH,Low,Yes,1,0
23,7.19,MECH,Low,Yes,5,0
22,5.76,ENTC,Low,No,2,0
20,6.78,IT,Low,No,5,0
22,8.48,IT,Medium,Yes,5,1
20,5.01,MECH,Low,Yes,4,0
21,7.49,MECH,Low,Yes,5,0
22,8.92,MECH,High,Yes,3,1
20,6.1,CS,High,Yes,0,1
22,6.76,ENTC,Low,No,1,0
25,9.77,IT,Low,Yes,4,1
25,5.79,ENTC,High,Yes,5,1
25,5.73,MECH,High,No,1,0
20,9.3,IT,Low,No,2,1
23,6.51,IT,Low,No,5,0
20,6.19,CIVIL,High,No,5,0
20,9.07,ENTC,Low,Yes,5,1
23,6.42,CS,Low,No,3,0
20,6.16,CIVIL,Low,Yes,2,0
22,5.63,CIVIL,Medium,No,4,0
25,5.83,MECH,Low,Yes,4,0
20,5.07,IT,Low,Yes,3,1
24,6.38,CIVIL,Medium,No,5,0
23,5.4,CIVIL,High,Yes,2,1
20,6.49,CIVIL,Low,Yes,4,0
22,6.88,CS,Medium,No,5,0
26,6.15,IT,Low,No,0,0
23,7.94,CS,Medium,Yes,0,1
20,8.4,CS,Low,No,2,1
24,7.48,ENTC,Low,No,1,0
25,8.75,ENTC,High,Yes,0,1
22,8.87,ENTC,High,Yes,2,1
25,9.68,CS,Medium,No,4,1
22,5.27,CIVIL,Low,No,1,0
22,8.71,CIVIL,High,Yes,1,1
25,7.44,CS,Low,Yes,0,0
23,6.75,IT,Low,Yes,4,1
26,9.39,MECH,Low,No,1,0
23,9.4,ENTC,Medium,Yes,4,1
22,5.57,CS,Low,Yes,4,1
20,9.58,CS,Medium,No,2,1
22,5.41,MECH,Low,No,1,0
22,7.71,ENTC,High,Yes,3,1
22,7.84,MECH,Low,Yes,1,0
20,9.48,CS,Low,No,5,1
26,8.33,CS,Medium,Yes,5,1
23,9.08,ENTC,Low,Yes,4,1
21,7.02,CS,Low,No,0,0
20,9.42,CIVIL,Medium,No,3,0
25,5.41,CS,High,Yes,5,1
26,6.89,CIVIL,High,Yes,3,1
25,9.63,IT,Medium,No,2,1
26,6.89,ENTC,Medium,No,2,0
21,5.36,IT,Low,Yes,1,0
20,5.79,MECH,Medium,No,0,0
24,6.72,IT,Medium,No,3,0
22,9.09,CS,Low,No,5,1
25,7.9,IT,Medium,Yes,0,1
25,6.19,ENTC,Medium,Yes,5,0
22,6.25,IT,Low,No,3,0
24,8.59,IT,Low,No,0,0
26,8.81,CS,Low,Yes,1,1
21,5.95,MECH,Medium,Yes,4,0
24,6.24,CS,Low,Yes,1,0
25,7.13,IT,Low,No,0,0
20,9.52,CS,Low,No,5,1
23,7.38,MECH,High,No,1,0
22,6.03,IT,Medium,No,3,0
21,5.17,CIVIL,High,Yes,5,1
22,7.39,CIVIL,Medium,Yes,0,0
22,6.84,MECH,Low,Yes,5,0
26,7.61,CS,Medium,No,3,1
24,8.75,ENTC,High,No,3,1
22,5.86,ENTC,High,Yes,0,0
26,8.74,CS,Medium,No,4,1
21,9.68,CS,Low,Yes,2,1
24,8.92,CS,Low,No,2,1
26,9.76,IT,Low,Yes,4,1
22,8.87,ENTC,High,Yes,5,1
25,6.69,CIVIL,High,Yes,4,1
21,9.02,MECH,High,No,1,0
23,5.18,CS,Low,Yes,0,0
24,7.29,ENTC,High,Yes,1,0
22,8.44,ENTC,Low,Yes,1,0
24,8.38,IT,Low,No,0,0
22,8.38,MECH,High,Yes,2,1
22,6.55,IT,High,No,5,1
23,8.12,IT,High,No,1,1
25,7.83,IT,Medium,No,5,1
25,6.41,IT,High,Yes,5,1
24,6.88,CIVIL,Low,Yes,4,0
22,9.42,CIVIL,Low,Yes,3,1
21,6.59,CS,Low,No,2,0
21,8.05,CS,High,No,3,1
20,6.27,IT,High,Yes,2,1
22,8.78,CS,Low,No,3,1
25,7.01,IT,Medium,No,3,0
22,7.62,CS,Medium,Yes,1,1
23,5.35,CS,Medium,Yes,2,1
22,9.57,CS,Medium,Yes,3,1
21,8.51,CIVIL,Low,No,4,0
24,9.29,CS,Medium,Yes,4,1
23,5.75,CS,Medium,Yes,1,0
23,8.35,CIVIL,Medium,No,2,0
21,5.46,MECH,High,No,1,0
20,6.73,MECH,Low,No,5,0
25,7.88,IT,Low,Yes,1,1
21,8.06,CS,Medium,Yes,2,1
26,6.91,MECH,High,No,0,0
25,7.61,IT,Medium,No,2,1
21,7.14,ENTC,Medium,No,2,0
21,9.02,CIVIL,Low,Yes,5,1
25,5.46,ENTC,High,No,4,0
21,7.66,MECH,High,No,4,1
25,9.16,MECH,High,Yes,3,1
22,5.38,CS,High,Yes,0,1
26,7.16,IT,Low,Yes,1,0
20,7.03,MECH,Low,Yes,4,0
22,6.53,CS,Low,No,4,0
23,7.65,ENTC,High,No,0,0
26,8.36,CIVIL,High,No,0,0
23,5.72,CIVIL,High,Yes,0,0
24,8.74,ENTC,High,No,3,1
22,6.84,MECH,High,No,0,0
21,6.32,IT,High,No,0,0
23,9.27,ENTC,High,Yes,0,1
25,7.28,ENTC,Medium,Yes,2,0
26,8.81,ENTC,Medium,No,5,0
25,5.47,IT,Low,No,5,0
23,8.72,ENTC,Medium,No,4,0
25,5.43,MECH,Low,No,5,0
23,8.65,ENTC,Low,Yes,0,0
22,8.41,MECH,Low,Yes,1,0
21,9.2,IT,Low,Yes,0,1
23,5.24,ENTC,High,Yes,2,1
22,8.95,CIVIL,Medium,Yes,5,1
20,6.16,MECH,High,No,1,0
26,7.28,CIVIL,Medium,No,1,0
26,9.29,CS,Medium,Yes,3,1
20,5.78,CIVIL,Low,Yes,5,0
21,8.25,ENTC,High,No,4,1
20,9.15,CS,Medium,Yes,5,1
21,7.89,CS,Low,No,4,1
26,9.53,ENTC,Medium,No,2,0
23,6.21,MECH,Medium,No,4,0
20,5.04,ENTC,High,No,2,0
25,5.52,CS,Medium,No,5,0
22,9.14,ENTC,High,No,1,0
21,7.48,IT,Low,No,5,0
22,8.27,CS,High,No,2,1
22,9.35,MECH,Medium,Yes,4,1
25,9.77,IT,Medium,Yes,5,1
24,8.06,MECH,High,No,4,1
22,9.06,CIVIL,Low,No,0,0
23,5.61,ENTC,High,Yes,5,1
22,8.14,IT,Medium,Yes,5,1
26,6.47,ENTC,Medium,No,4,0
22,7.23,CS,Medium,Yes,5,1
24,7.79,CIVIL,Low,No,1,0
24,5.58,MECH,High,No,3,0
20,9.18,IT,Low,Yes,2,1
23,9.74,MECH,Low,No,5,0
21,8.74,MECH,Medium,Yes,2,1
25,5.28,MECH,Medium,Yes,1,0
24,8.67,MECH,Low,Yes,4,1
23,8.04,MECH,Medium,No,3,0
20,5.18,IT,High,No,0,0
22,8.63,CIVIL,Low,Yes,5,1
20,8.01,IT,Low,No,2,1
21,5.49,CIVIL,High,No,1,0
20,8.95,ENTC,Medium,No,5,0
24,7.86,ENTC,Medium,Yes,2,1
23,6.72,IT,Low,No,0,0
21,6.08,IT,Low,Yes,4,1
24,5.81,ENTC,High,Yes,3,1
25,6.23,CIVIL,High,Yes,4,1
20,8.18,CS,Low,Yes,3,1
23,6.83,CIVIL,Medium,No,5,0
21,5.99,CS,Medium,No,5,0
20,8.18,ENTC,High,Yes,3,1
26,9.31,CIVIL,High,Yes,2,1
20,8.77,MECH,Low,Yes,2,1
26,7.51,IT,Medium,No,2,1
21,5.19,MECH,Low,No,2,0
21,5.01,CS,Low,No,1,0
20,8.74,CS,High,Yes,2,1
25,6.11,ENTC,Medium,No,0,0
20,8.9,CS,Medium,No,5,1
22,7.04,CS,Low,Yes,0,0
26,5.66,IT,Medium,No,3,0
24,6.29,CS,Medium,No,1,0
20,6.92,MECH,Medium,No,5,0
26,7.3,MECH,High,Yes,0,0
21,8.34,CS,Low,Yes,3,1
24,7.32,CIVIL,High,No,1,0
24,6.82,ENTC,High,Yes,5,1
26,8.49,IT,Medium,No,0,0
23,7.12,CS,Medium,No,0,0
25,9.17,CIVIL,High,Yes,5,1
26,6.62,CIVIL,High,Yes,3,1
25,8.49,MECH,Medium,No,1,0
26,8.97,CIVIL,Low,Yes,5,1
21,7.43,MECH,Medium,Yes,0,0
26,7.36,IT,Medium,No,0,0
24,6.07,MECH,Medium,Yes,0,0
23,7.13,CIVIL,Medium,Yes,3,0
23,6.52,MECH,High,Yes,0,0
23,6.98,CIVIL,High,Yes,0,0
26,7.9,CIVIL,High,No,4,1
24,5.99,MECH,Medium,No,0,0
26,6.07,MECH,Medium,No,5,0
25,6.74,MECH,Low,Yes,5,0
21,5.01,ENTC,High,No,4,0
24,6.79,CS,Low,Yes,3,1
21,8.94,MECH,Low,No,4,0
21,5.9,MECH,Low,No,1,0
25,6.62,MECH,Low,Yes,3,0
23,8.16,CIVIL,Low,No,0,0
24,8.53,CIVIL,Medium,No,4,0
26,9.42,IT,High,Yes,5,1
26,5.62,MECH,High,No,4,0
23,7.01,CIVIL,High,Yes,2,1
23,9.63,ENTC,Medium,Yes,1,0
23,7.89,CIVIL,Medium,No,5,0
25,9.49,IT,Low,Yes,4,1
25,6.39,ENTC,High,Yes,5,1
25,9.68,IT,High,No,5,1
20,8.65,CIVIL,Medium,No,5,0
25,9.29,CIVIL,Medium,No,0,0
24,5.51,MECH,Low,Yes,5,0
20,5.96,IT,Medium,No,1,0
26,5.3,ENTC,Low,Yes,2,0
26,7.17,CIVIL,High,Yes,5,1
25,7.69,IT,High,No,5,1
25,5.23,MECH,Medium,No,5,0
22,9.64,CS,Low,No,1,0
24,9.17,MECH,Low,No,4,0
24,8.54,IT,High,Yes,2,1
23,5.85,CS,Low,Yes,5,1
24,5.57,CS,Medium,No,4,0
22,5.62,CIVIL,Medium,Yes,2,0
23,8.41,IT,Low,Yes,2,1
24,5.24,CIVIL,High,No,3,0
26,7.75,ENTC,Low,No,4,0
21,9.59,CIVIL,Low,Yes,3,1
24,7.58,CS,Medium,Yes,1,1
25,6.59,ENTC,Medium,Yes,4,0
24,7.28,CIVIL,High,Yes,0,0
25,6.66,IT,High,Yes,0,1
25,9.25,MECH,Low,No,2,0
24,8.48,CS,High,No,4,1
26,7.44,MECH,Low,No,5,0
21,6.54,CS,Low,Yes,4,1
24,5.04,CS,Low,Yes,5,1
23,9.01,IT,High,No,5,1
26,9.51,IT,Low,No,5,1
22,5.18,CS,Low,Yes,2,1
24,5.34,IT,Medium,No,3,0
23,8.03,MECH,Medium,Yes,3,1
25,5.57,CS,High,Yes,5,1
24,5.22,CS,Medium,Yes,2,1
26,8.29,CIVIL,Low,No,3,0
23,6.9,CS,Medium,Yes,4,1
21,5.65,MECH,High,No,5,0
21,6.43,ENTC,Low,Yes,0,0
20,5.02,CIVIL,Medium,Yes,2,0
21,8.59,ENTC,Low,No,5,0
26,7.46,IT,Low,Yes,4,1
26,6.21,CS,Low,Yes,4,1
23,8.09,CS,Medium,Yes,2,1
20,5.95,CIVIL,Medium,No,2,0
21,8.22,IT,Low,No,4,1
20,9.32,ENTC,Medium,No,2,0
24,8.17,CIVIL,Low,No,2,0
23,5.81,ENTC,Low,Yes,5,0
25,8.08,ENTC,Medium,Yes,5,1
25,6.59,MECH,Medium,No,2,0
26,6.47,CIVIL,Low,Yes,5,0
24,5.39,ENTC,Low,Yes,2,0
25,9.25,CS,High,Yes,0,1
26,7.43,CS,High,No,4,1
21,9.35,CIVIL,Medium,No,5,0
26,5.71,MECH,Low,No,1,0
23,7.41,CS,Medium,No,4,0
20,8.18,CIVIL,High,Yes,4,1
21,7.14,IT,High,Yes,5,1
25,7.32,ENTC,Low,Yes,3,0
21,5.3,ENTC,Low,Yes,5,0
21,7.49,ENTC,Medium,No,3,0
20,5.19,ENTC,Low,No,5,0
22,7.78,CIVIL,Low,No,5,0
23,6.75,CS,High,No,3,1
21,7.48,ENTC,Medium,No,3,0
24,5.03,IT,Medium,Yes,1,0
20,7.47,ENTC,Low,Yes,1,0
21,6.74,CS,High,Yes,3,1
26,6.59,CS,Medium,No,3,0
21,7.84,MECH,Low,Yes,0,0
21,7.75,IT,Low,Yes,4,1
21,5.27,ENTC,Low,No,4,0
24,8.06,ENTC,Low,Yes,3,1
24,9.77,MECH,Low,Yes,3,1
24,5.69,CIVIL,Low,No,1,0
25,8.29,MECH,High,Yes,1,1
23,6.85,CS,Low,Yes,4,1
26,9.36,MECH,Low,Yes,1,0
23,9.33,CIVIL,Low,Yes,0,0
23,8.17,CIVIL,High,Yes,5,1
25,7.07,MECH,Medium,Yes,5,0
24,7.06,MECH,Medium,No,4,0
26,8.56,CIVIL,Low,No,1,0
22,7.29,IT,Low,No,4,0
24,6.96,IT,Low,Yes,4,1
24,5.57,CS,Medium,Yes,5,1
26,6.52,ENTC,Low,Yes,3,0
25,7.81,ENTC,High,No,4,1
22,7.94,MECH,Low,No,4,0
26,7.68,IT,Medium,No,2,1
22,7.77,MECH,High,Yes,5,1
20,8.59,MECH,High,Yes,0,1
21,7.44,ENTC,High,Yes,1,0
23,9.63,CS,Low,Yes,3,1
24,7.09,CS,Medium,Yes,2,1
20,7.92,MECH,Medium,No,5,0
24,5.28,IT,High,No,3,1
20,5.97,CIVIL,Medium,Yes,0,0
26,7.88,CIVIL,High,Yes,4,1
21,8.24,ENTC,Low,Yes,1,0
20,9.78,MECH,Medium,No,3,0
24,5.96,CS,High,Yes,0,1
24,6.37,CIVIL,High,No,2,0
26,6.33,CIVIL,Low,No,3,0
24,5.02,IT,Medium,Yes,4,1
20,7.42,ENTC,Low,No,4,0
26,8.81,ENTC,High,No,3,1
24,7.32,IT,Medium,No,5,0
23,9.3,CS,Medium,Yes,2,1
20,6.84,IT,High,Yes,2,1
23,9.59,CIVIL,High,Yes,5,1
26,6.26,ENTC,Low,No,5,0
25,8.94,CS,High,Yes,3,1
22,6.7,CIVIL,Medium,Yes,5,0
25,9.47,IT,Medium,Yes,1,1
25,6.16,ENTC,Low,Yes,1,0
26,6.2,CIVIL,Medium,Yes,0,0
20,9.42,MECH,High,Yes,4,1
20,9.07,ENTC,High,No,3,1
24,9.17,MECH,Low,No,3,0
21,8.6,IT,Low,No,3,1
24,5.16,ENTC,Medium,Yes,3,0
20,8.35,MECH,Medium,Yes,0,0
25,6.01,CIVIL,Low,No,2,0
24,9.14,IT,High,No,1,1
22,7.26,CIVIL,Medium,No,1,0
23,7.03,MECH,High,No,2,0
26,6.92,MECH,Low,Yes,4,0
25,6.1,CS,High,No,1,0
24,7.07,MECH,Low,Yes,5,0
21,7.27,CS,Low,No,3,0
21,9.78,CIVIL,High,No,3,1
22,6.2,CIVIL,Low,No,0,0
25,5.78,IT,Medium,No,5,0
20,7.16,ENTC,Medium,No,2,0
24,7.68,ENTC,Medium,Yes,3,1
20,6.69,CIVIL,Low,Yes,2,0
22,6.56,CIVIL,Medium,No,0,0
23,7.95,MECH,High,Yes,1,1
25,8.88,ENTC,Medium,No,0,0
20,5.78,IT,Medium,No,5,0
22,8.41,CIVIL,High,No,2,1
23,8.75,ENTC,High,No,3,1
21,5.88,CS,Low,Yes,5,1
22,9.51,CS,Low,Yes,3,1
20,5.46,MECH,High,Yes,0,0
26,6.91,CS,Low,No,4,0
21,5.4,MECH,Medium,Yes,1,0
25,6.36,IT,Low,Yes,0,0
20,8.19,ENTC,Medium,No,4,0
22,7.63,IT,High,Yes,4,1
24,7.19,CIVIL,Medium,No,2,0
23,7.59,CS,Medium,No,2,1
23,6.25,ENTC,Low,Yes,4,0
26,8.64,IT,Medium,No,3,1
24,5.04,MECH,Medium,No,0,0
26,7.07,ENTC,High,Yes,0,0
24,6.79,MECH,High,No,3,0
21,5.78,MECH,Medium,Yes,2,0
20,7.03,IT,High,No,2,1
25,8.57,ENTC,Medium,Yes,0,0
21,5.66,CS,High,No,4,1
23,6.31,CIVIL,Medium,Yes,2,0
20,5.73,CIVIL,Low,Yes,0,0
22,6.29,MECH,High,Yes,1,0
20,5.72,MECH,Low,No,3,0
22,8.77,MECH,Medium,No,5,0
26,5.15,CS,Low,Yes,2,1
26,6.88,CIVIL,Medium,Yes,1,0
26,6.2,MECH,Low,Yes,5,0
21,6.85,MECH,Low,Yes,1,0
23,8.53,CS,High,Yes,3,1
23,8.27,ENTC,Medium,Yes,5,1
25,5.2,CIVIL,High,Yes,2,1
23,8.06,IT,Medium,Yes,5,1
21,9.67,IT,High,No,2,1
20,5.8,ENTC,High,Yes,3,1
26,6.17,CS,High,No,5,1
24,5.74,CS,Low,Yes,3,1
20,8.29,ENTC,High,Yes,0,1
22,8.09,CIVIL,Low,Yes,3,1
21,6.52,CIVIL,High,No,3,0
25,5.93,MECH,Medium,Yes,2,0
20,7.33,MECH,High,No,4,0
25,7.35,CIVIL,Low,No,2,0
25,7.25,CIVIL,High,Yes,0,0
24,5.74,ENTC,Medium,No,3,0
20,8.72,CIVIL,Medium,Yes,0,0
24,9.11,CIVIL,Low,No,5,0
20,8.16,CIVIL,Medium,Yes,4,1
25,7.39,CIVIL,Low,No,2,0
23,8.08,CS,Low,Yes,0,1
26,9.5,IT,Low,Yes,0,1
23,5.92,CS,High,No,5,1
23,7.52,CIVIL,Medium,Yes,2,1
21,7.91,CS,Low,Yes,5,1
23,9.46,CS,Medium,Yes,2,1
24,8.57,MECH,Medium,Yes,4,1
22,7.54,CS,Medium,Yes,1,1
24,5.47,IT,High,No,1,0
21,7.53,IT,High,Yes,4,1
25,7.68,CS,High,No,5,1
23,8.37,MECH,Low,Yes,1,0
24,6.93,ENTC,High,Yes,4,1
24,7.13,ENTC,Medium,No,2,0
23,8.67,MECH,High,No,4,1
21,7.7,IT,Medium,No,2,1
23,7.15,MECH,Low,Yes,2,0
24,5.08,IT,Medium,Yes,2,1
21,6.03,ENTC,Low,No,4,0
24,7.67,CIVIL,Low,Yes,0,0
23,6.71,IT,Medium,No,4,0
21,6.12,ENTC,Low,No,4,0
21,8.52,ENTC,Medium,Yes,3,1
26,9.32,CIVIL,Low,No,0,0
25,8.88,MECH,Low,Yes,2,1
22,9.22,MECH,Medium,Yes,1,0
25,8.13,CIVIL,Low,No,0,0
22,7.52,ENTC,High,Yes,2,1
24,8.35,IT,Low,No,3,1
26,7.86,CIVIL,Low,Yes,3,1
22,8.77,IT,Low,No,0,0
23,7.74,CS,High,No,2,1
20,6.91,MECH,High,Yes,1,0
23,7.68,MECH,Medium,Yes,4,1
24,9.79,CIVIL,Low,Yes,0,0
22,8.73,ENTC,High,Yes,0,1
25,6.99,ENTC,Medium,Yes,2,0
22,7.85,CS,Medium,Yes,2,1
24,8.94,MECH,High,Yes,3,1
